recname,serial,name,altLoc,resname,chainID,resSeq,iCode,x,y,z,occupancy,tempFactor,element,charge,type
ATOM,0,S,,DT,1,1,,-2.848118126987925,6.5965248754485355,-0.9779682536760597,0,0,H,,S
ATOM,1,T,,DT,1,1,,-0.035654585780951584,3.380029633775508,-0.019816433002930896,0,0,S,,T
ATOM,2,P,,DG,1,2,,-5.470235104704511,7.676663996310804,2.375046907635167,0,0,P,,P
ATOM,3,S,,DG,1,2,,-5.930010048269033,4.160831597480175,3.4874747747949124,0,0,H,,S
ATOM,4,G,,DG,1,2,,-1.6124673638340055,1.6967271505081924,3.636492377798345,0,0,C,,G
ATOM,5,P,,DT,1,3,,-7.919863450184067,3.2140286185429243,5.923784137453983,0,0,P,,P
ATOM,6,S,,DT,1,3,,-6.332046993605766,-0.1274661531644421,6.59557673540391,0,0,H,,S
ATOM,7,T,,DT,1,3,,-2.1799058340558544,1.196310911442652,7.021313472540452,0,0,S,,T
ATOM,8,P,,DG,1,4,,-7.953860153021709,-1.9777897787124503,10.23296056261676,0,0,P,,P
ATOM,9,S,,DG,1,4,,-4.798323553736938,-3.765272533986211,11.043702153369562,0,0,H,,S
ATOM,10,G,,DG,1,4,,-0.8350600343358457,-0.7907319558836418,10.617250484644705,0,0,C,,G
ATOM,11,P,,DT,1,5,,-4.430650395410777,-5.879850312960659,13.530594085678164,0,0,P,,P
ATOM,12,S,,DT,1,5,,-0.6804694179972098,-5.737394179577636,13.757904315285806,0,0,H,,S
ATOM,13,T,,DT,1,5,,-0.2038920107907588,-1.3901679388867931,13.974319421783242,0,0,S,,T
ATOM,14,P,,DC,1,6,,0.60167293473163,-7.6282092939343125,16.67737680638928,0,0,P,,P
ATOM,15,S,,DC,1,6,,3.5769815667778615,-5.441083606279313,17.039061654453672,0,0,H,,S
ATOM,16,C,,DC,1,6,,1.9248907010313747,-1.4751390550648065,17.206018196852227,0,0,O,,C
ATOM,17,P,,DA,1,7,,6.616121068496417,-6.224330826107349,20.102113546818465,0,0,P,,P
ATOM,18,S,,DA,1,7,,7.879487930111804,-2.692185820659041,20.230689838257316,0,0,H,,S
ATOM,19,A,,DA,1,7,,4.005195720556244,0.2457877297500903,20.351493128444815,0,0,N,,A
ATOM,20,P,,DA,1,8,,10.627699672855066,-1.6292660673435428,22.444806187385208,0,0,P,,P
ATOM,21,S,,DA,1,8,,9.582584359044821,1.9653724026302746,22.53593389075236,0,0,H,,S
ATOM,22,A,,DA,1,8,,4.7775978545127495,2.1851587706688607,23.255366378654287,0,0,N,,A
ATOM,23,P,,DG,1,9,,11.527220550738233,4.080051157863778,25.077633961025015,0,0,P,,P
ATOM,24,S,,DG,1,9,,8.767936236488023,6.506288367701954,25.689825479370278,0,0,H,,S
ATOM,25,G,,DG,1,9,,4.384752770962937,4.2857947235334715,26.459437458243897,0,0,C,,G
ATOM,26,P,,DT,1,10,,9.108969964714206,9.152007985354576,27.607378223132148,0,0,P,,P
ATOM,27,S,,DT,1,10,,5.460092656558789,9.750259124898589,28.287018258343863,0,0,H,,S
ATOM,28,T,,DT,1,10,,4.373772317989235,5.722040831811251,29.616331770022583,0,0,S,,T
ATOM,29,P,,DG,1,11,,4.879800082450117,12.820445325992063,31.373100873271675,0,0,P,,P
ATOM,30,S,,DG,1,11,,1.709961041590787,11.336478293398411,32.622144849177346,0,0,H,,S
ATOM,31,G,,DG,1,11,,2.0919394700670297,6.414032286372998,33.22246321355034,0,0,C,,G
ATOM,32,P,,DG,1,12,,-0.16160629554833597,12.788468792666151,35.37737634271265,0,0,P,,P
ATOM,33,S,,DG,1,12,,-1.9146414180129885,9.657559142386416,36.522104131466385,0,0,H,,S
ATOM,34,G,,DG,1,12,,1.1154856933978798,5.717527397485325,36.68779511371354,0,0,C,,G
ATOM,35,P,,DC,1,13,,-4.20456546713524,9.940214445803147,38.81970389737066,0,0,P,,P
ATOM,36,S,,DC,1,13,,-3.9103941795776356,6.383024376453759,39.79368280105032,0,0,H,,S
ATOM,37,C,,DC,1,13,,0.3407540718992517,5.779097907550563,40.01589782326048,0,0,O,,C
ATOM,38,P,,DT,1,14,,-5.733764431618871,4.95071749827069,43.05164241005621,0,0,P,,P
ATOM,39,S,,DT,1,14,,-3.417028814154358,2.0220272297308846,43.66517006583575,0,0,H,,S
ATOM,40,T,,DT,1,14,,0.35554462515106317,4.244545523825706,43.69885199186779,0,0,S,,T
ATOM,41,P,,DG,1,15,,-4.21788173927631,-0.11090005408156621,47.41952649342862,0,0,P,,P
ATOM,42,S,,DG,1,15,,-0.6782889541358711,-1.1401893392625393,47.89271153631222,0,0,H,,S
ATOM,43,G,,DG,1,15,,2.458194593062736,2.6412596778344883,47.11893115238654,0,0,C,,G
ATOM,44,P,,DT,1,16,,0.39540779474132426,-3.096204605742097,50.303529326914365,0,0,P,,P
ATOM,45,S,,DT,1,16,,4.022840901530381,-2.11671589512037,50.163643256207195,0,0,H,,S
ATOM,46,T,,DT,1,16,,3.5350560676363028,2.228998730694945,50.38979847700052,0,0,S,,T
ATOM,47,S,,DA,2,17,,11.178159763795987,8.978639072277323,48.374504113584095,0,0,H,,S
ATOM,48,A,,DA,2,17,,6.895320069645699,6.723007735592336,48.848056839653474,0,0,N,,A
ATOM,49,P,,DC,2,18,,12.779418124192006,8.103860616698327,45.970109811692495,0,0,P,,P
ATOM,50,S,,DC,2,18,,11.311297496873884,4.70467769802335,45.86741153591776,0,0,H,,S
ATOM,51,C,,DC,2,18,,7.060369706295264,5.327948638677457,45.696611655602425,0,0,O,,C
ATOM,52,P,,DA,2,19,,12.800477705373964,1.8294556554427432,42.90922338422398,0,0,P,,P
ATOM,53,S,,DA,2,19,,9.68515917736207,-0.2639447003335836,42.88052405233725,0,0,H,,S
ATOM,54,A,,DA,2,19,,5.886418405374865,2.7651773267121236,42.656907671788886,0,0,N,,A
ATOM,55,P,,DG,2,20,,9.518713273755093,-2.997902398177674,40.19475693565393,0,0,P,,P
ATOM,56,S,,DG,2,20,,5.8046774442526194,-2.97788437653265,39.91258294949962,0,0,H,,S
ATOM,57,G,,DG,2,20,,3.924688343336547,1.6123476387945765,39.54983840864039,0,0,C,,G
ATOM,58,P,,DC,2,21,,4.351618479705492,-5.375075551891107,38.25515767239392,0,0,P,,P
ATOM,59,S,,DC,2,21,,1.2657509233704434,-3.3945937419874843,37.758925190229434,0,0,H,,S
ATOM,60,C,,DC,2,21,,2.7575047354243685,0.4534789552932569,36.55404178676118,0,0,O,,C
ATOM,61,P,,DC,2,22,,-1.3044551917661242,-4.5525767239391595,35.62058470929374,0,0,P,,P
ATOM,62,S,,DC,2,22,,-2.8036977156689615,-1.2153976981811345,34.64640248563828,0,0,H,,S
ATOM,63,C,,DC,2,22,,0.6099622363459968,1.106036695413922,33.44301496667524,0,0,O,,C
ATOM,64,P,,DA,2,23,,-6.158212101707039,-1.0246808943731902,31.827953556041454,0,0,P,,P
ATOM,65,S,,DA,2,23,,-5.443162442194841,2.4812194222705504,30.694387824790375,0,0,H,,S
ATOM,66,A,,DA,2,23,,-0.6585981212573124,2.8122190780016454,29.884417210789703,0,0,N,,A
ATOM,67,P,,DC,2,24,,-7.156446742734931,3.462542953527401,28.411323793819026,0,0,P,,P
ATOM,68,S,,DC,2,24,,-4.626953829505514,5.86392618821899,27.164281172710048,0,0,H,,S
ATOM,69,C,,DC,2,24,,-1.0771882827357129,3.521942530946435,26.533714421618242,0,0,O,,C
ATOM,70,P,,DT,2,25,,-5.379008912707811,8.204397001614023,24.010662141604328,0,0,P,,P
ATOM,71,S,,DT,2,25,,-1.7867850154300493,8.892531579992347,23.04005203483365,0,0,H,,S
ATOM,72,T,,DT,2,25,,-0.4318230010735789,4.736165367794467,22.788380629105564,0,0,S,,T
ATOM,73,P,,DT,2,26,,-0.910153911554938,11.000109811692498,19.919629762222428,0,0,P,,P
ATOM,74,S,,DT,2,26,,2.48273483588397,9.462085952014977,19.42030547027135,0,0,H,,S
ATOM,75,T,,DT,2,26,,1.2555378471953276,5.261063573526826,19.27925740157264,0,0,S,,T
ATOM,76,P,,DG,2,27,,4.493323330142406,10.815298446725444,15.758505885953282,0,0,P,,P
ATOM,77,S,,DG,2,27,,6.376069199202135,7.642678363349721,15.309029163910907,0,0,H,,S
ATOM,78,G,,DG,2,27,,3.4525670254041456,3.6652515326546493,15.915294580467453,0,0,C,,G
ATOM,79,P,,DA,2,28,,9.133809948224181,7.1876353777678785,12.83089817366208,0,0,P,,P
ATOM,80,S,,DA,2,28,,8.914766582207909,3.4545060306707565,12.784095098280275,0,0,H,,S
ATOM,81,A,,DA,2,28,,4.2106137315796355,2.219124349089456,12.812798132788059,0,0,N,,A
ATOM,82,P,,DC,2,29,,10.508068519602784,2.21223227121877,10.541418587868627,0,0,P,,P
ATOM,83,S,,DC,2,29,,8.334255606295091,-0.7740923238956041,10.263636568756745,0,0,H,,S
ATOM,84,C,,DC,2,29,,4.368195201310928,0.7808247228279984,9.680257240320076,0,0,O,,C
ATOM,85,P,,DA,2,30,,9.425473480858367,-3.9481923958719265,7.440642435769217,0,0,P,,P
ATOM,86,S,,DA,2,30,,5.939464472755148,-5.292494380884884,7.085744980138824,0,0,H,,S
ATOM,87,A,,DA,2,30,,2.9551358191056765,-1.4947031256005596,6.516309272256261,0,0,N,,A
ATOM,88,P,,DC,2,31,,5.606771927583812,-7.452411555580302,5.003124829335395,0,0,P,,P
ATOM,89,S,,DC,2,31,,2.0384559300171325,-6.690114687276881,4.365548682561743,0,0,H,,S
ATOM,90,C,,DC,2,31,,1.948480282814912,-2.5073283108135507,3.3750319368899224,0,0,O,,C
ATOM,91,P,,DA,2,32,,-0.21456358671575124,-9.219225238930447,1.5795345044962081,0,0,P,,P
ATOM,92,S,,DA,2,32,,-2.7897498293950656,-6.611467737587915,0.7686477110011581,0,0,H,,S
ATOM,93,A,,DA,2,32,,-0.44015756455295313,-2.4252988576875474,-0.012213209621253463,0,0,N,,A
