type,i,j,k,eangle (kcal/mol)
stacking/3spn2,64.0,65.0,68.0,-0.000746
stacking/3spn2,67.0,68.0,71.0,-0.027551
stacking/3spn2,70.0,71.0,74.0,244.670385
stacking/3spn2,73.0,74.0,77.0,-0.194756
stacking/3spn2,76.0,77.0,80.0,646.746828
stacking/3spn2,79.0,80.0,83.0,-0.546051
stacking/3spn2,82.0,83.0,86.0,952.719725
stacking/3spn2,85.0,86.0,89.0,747.380087
stacking/3spn2,88.0,89.0,92.0,-0.775526
stacking/3spn2,91.0,92.0,95.0,547.41729
stacking/3spn2,94.0,95.0,98.0,-2.612482
stacking/3spn2,97.0,98.0,101.0,-0.00064
stacking/3spn2,100.0,101.0,104.0,4021.560821
stacking/3spn2,103.0,104.0,107.0,-0.125022
stacking/3spn2,106.0,107.0,110.0,-0.04461
stacking/3spn2,111.0,112.0,115.0,-0.005667
stacking/3spn2,114.0,115.0,118.0,5686.112415
stacking/3spn2,117.0,118.0,121.0,-0.020665
stacking/3spn2,120.0,121.0,124.0,-0.007192
stacking/3spn2,123.0,124.0,127.0,152.424986
stacking/3spn2,126.0,127.0,130.0,-0.418769
stacking/3spn2,129.0,130.0,133.0,-0.479956
stacking/3spn2,132.0,133.0,136.0,22.870237
stacking/3spn2,135.0,136.0,139.0,3028.709682
stacking/3spn2,138.0,139.0,142.0,-0.361816
stacking/3spn2,141.0,142.0,145.0,122.242563
stacking/3spn2,144.0,145.0,148.0,0.0
stacking/3spn2,147.0,148.0,151.0,-0.682697
stacking/3spn2,150.0,151.0,154.0,-0.141039
stacking/3spn2,153.0,154.0,157.0,-0.223916
list,65.0,64.0,66.0,47.20533
list,64.0,66.0,67.0,0.23808
list,66.0,67.0,68.0,2.842477
list,66.0,67.0,69.0,12.506076
list,68.0,67.0,69.0,0.157464
list,67.0,69.0,70.0,6.955523
list,69.0,70.0,71.0,1.670821
list,69.0,70.0,72.0,7.80234
list,71.0,70.0,72.0,9.145297
list,70.0,72.0,73.0,0.071744
list,72.0,73.0,74.0,10.459123
list,72.0,73.0,75.0,16.734112
list,74.0,73.0,75.0,2.768273
list,73.0,75.0,76.0,5.876711
list,75.0,76.0,77.0,68.585302
list,75.0,76.0,78.0,6.539719
list,77.0,76.0,78.0,0.010503
list,76.0,78.0,79.0,1.339098
list,78.0,79.0,80.0,0.102931
list,78.0,79.0,81.0,7.08961
list,80.0,79.0,81.0,16.001223
list,79.0,81.0,82.0,0.986291
list,81.0,82.0,83.0,1.157385
list,81.0,82.0,84.0,21.302297
list,83.0,82.0,84.0,22.887018
list,82.0,84.0,85.0,6.770512
list,84.0,85.0,86.0,0.938506
list,84.0,85.0,87.0,2.885485
list,86.0,85.0,87.0,43.262485
list,85.0,87.0,88.0,47.836352
list,87.0,88.0,89.0,0.141111
list,87.0,88.0,90.0,9.513532
list,89.0,88.0,90.0,1.063416
list,88.0,90.0,91.0,11.287062
list,90.0,91.0,92.0,21.151263
list,90.0,91.0,93.0,6.917395
list,92.0,91.0,93.0,4.040739
list,91.0,93.0,94.0,0.293494
list,93.0,94.0,95.0,13.328629
list,93.0,94.0,96.0,3.4284
list,95.0,94.0,96.0,1.774357
list,94.0,96.0,97.0,0.548206
list,96.0,97.0,98.0,11.548918
list,96.0,97.0,99.0,0.412775
list,98.0,97.0,99.0,7.755218
list,97.0,99.0,100.0,10.533455
list,99.0,100.0,101.0,0.12096
list,99.0,100.0,102.0,1.5902
list,101.0,100.0,102.0,6.296101
list,100.0,102.0,103.0,5.723979
list,102.0,103.0,104.0,1.512395
list,102.0,103.0,105.0,2.920975
list,104.0,103.0,105.0,6.238703
list,103.0,105.0,106.0,3.707886
list,105.0,106.0,107.0,0.112226
list,105.0,106.0,108.0,1.805276
list,107.0,106.0,108.0,9.530355
list,106.0,108.0,109.0,28.771819
list,108.0,109.0,110.0,2.082623
list,112.0,111.0,113.0,0.181446
list,111.0,113.0,114.0,16.17154
list,113.0,114.0,115.0,26.552315
list,113.0,114.0,116.0,10.828445
list,115.0,114.0,116.0,3.643664
list,114.0,116.0,117.0,0.101481
list,116.0,117.0,118.0,0.215158
list,116.0,117.0,119.0,9.548347
list,118.0,117.0,119.0,1.319761
list,117.0,119.0,120.0,3.537095
list,119.0,120.0,121.0,0.812896
list,119.0,120.0,122.0,7.267599
list,121.0,120.0,122.0,4.753873
list,120.0,122.0,123.0,28.810864
list,122.0,123.0,124.0,16.020144
list,122.0,123.0,125.0,15.255663
list,124.0,123.0,125.0,0.00492
list,123.0,125.0,126.0,0.079857
list,125.0,126.0,127.0,2.238632
list,125.0,126.0,128.0,0.098381
list,127.0,126.0,128.0,12.462902
list,126.0,128.0,129.0,19.017586
list,128.0,129.0,130.0,5.17136
list,128.0,129.0,131.0,0.214149
list,130.0,129.0,131.0,7.534702
list,129.0,131.0,132.0,11.04816
list,131.0,132.0,133.0,14.095877
list,131.0,132.0,134.0,0.279226
list,133.0,132.0,134.0,25.995843
list,132.0,134.0,135.0,12.601094
list,134.0,135.0,136.0,22.710432
list,134.0,135.0,137.0,0.005458
list,136.0,135.0,137.0,2.488965
list,135.0,137.0,138.0,2.301391
list,137.0,138.0,139.0,0.930572
list,137.0,138.0,140.0,37.245967
list,139.0,138.0,140.0,0.362156
list,138.0,140.0,141.0,10.60774
list,140.0,141.0,142.0,0.517135
list,140.0,141.0,143.0,27.908231
list,142.0,141.0,143.0,12.385546
list,141.0,143.0,144.0,4.377203
list,143.0,144.0,145.0,5.233567
list,143.0,144.0,146.0,1.641073
list,145.0,144.0,146.0,61.655717
list,144.0,146.0,147.0,48.983671
list,146.0,147.0,148.0,0.021255
list,146.0,147.0,149.0,11.729615
list,148.0,147.0,149.0,4.289251
list,147.0,149.0,150.0,1.423578
list,149.0,150.0,151.0,6.346302
list,149.0,150.0,152.0,19.581904
list,151.0,150.0,152.0,5.95726
list,150.0,152.0,153.0,1.217728
list,152.0,153.0,154.0,6.728418
list,152.0,153.0,155.0,0.126484
list,154.0,153.0,155.0,0.375483
list,153.0,155.0,156.0,2.928144
list,155.0,156.0,157.0,0.680754
list/ca,1.0,2.0,3.0,0.227466
list/ca,2.0,3.0,4.0,0.000624
list/ca,3.0,4.0,5.0,1.194552
list/ca,4.0,5.0,6.0,6e-06
list/ca,5.0,6.0,7.0,0.036587
list/ca,6.0,7.0,8.0,1.192709
list/ca,7.0,8.0,9.0,0.108841
list/ca,8.0,9.0,10.0,1.239848
list/ca,9.0,10.0,11.0,0.088206
list/ca,10.0,11.0,12.0,3.238838
list/ca,11.0,12.0,13.0,6.592895
list/ca,12.0,13.0,14.0,0.004923
list/ca,13.0,14.0,15.0,0.006628
list/ca,14.0,15.0,16.0,1.776802
list/ca,15.0,16.0,17.0,0.036365
list/ca,16.0,17.0,18.0,0.536123
list/ca,17.0,18.0,19.0,1.550136
list/ca,18.0,19.0,20.0,0.259581
list/ca,19.0,20.0,21.0,0.027448
list/ca,20.0,21.0,22.0,1.591574
list/ca,21.0,22.0,23.0,0.336953
list/ca,22.0,23.0,24.0,0.497848
list/ca,23.0,24.0,25.0,0.504745
list/ca,24.0,25.0,26.0,0.853024
list/ca,25.0,26.0,27.0,0.720816
list/ca,26.0,27.0,28.0,1.413136
list/ca,27.0,28.0,29.0,0.11021
list/ca,28.0,29.0,30.0,5.547323
list/ca,29.0,30.0,31.0,3.149262
list/ca,30.0,31.0,32.0,0.011838
list/ca,31.0,32.0,33.0,0.008901
list/ca,32.0,33.0,34.0,0.084966
list/ca,33.0,34.0,35.0,4.394479
list/ca,34.0,35.0,36.0,0.079706
list/ca,35.0,36.0,37.0,2.199554
list/ca,36.0,37.0,38.0,0.084569
list/ca,37.0,38.0,39.0,0.174554
list/ca,38.0,39.0,40.0,1.041393
list/ca,39.0,40.0,41.0,6.379408
list/ca,40.0,41.0,42.0,0.324448
list/ca,41.0,42.0,43.0,0.054145
list/ca,42.0,43.0,44.0,4.825661
list/ca,43.0,44.0,45.0,5.546756
list/ca,44.0,45.0,46.0,0.367076
list/ca,45.0,46.0,47.0,0.053398
list/ca,46.0,47.0,48.0,0.308414
list/ca,47.0,48.0,49.0,0.064655
list/ca,48.0,49.0,50.0,0.628804
list/ca,49.0,50.0,51.0,3.08557
list/ca,50.0,51.0,52.0,0.190669
list/ca,51.0,52.0,53.0,2.333615
list/ca,52.0,53.0,54.0,5.806558
list/ca,53.0,54.0,55.0,0.001579
list/ca,54.0,55.0,56.0,0.874222
list/ca,55.0,56.0,57.0,0.006049
list/ca,56.0,57.0,58.0,0.063038
list/ca,57.0,58.0,59.0,0.20124
list/ca,58.0,59.0,60.0,0.038971
list/ca,59.0,60.0,61.0,3.947452
list/ca,60.0,61.0,62.0,0.006806
list/ca,61.0,62.0,63.0,3.411189
