type,i,j,k,l,edihedral (kcal/mol)
list,65.0,64.0,66.0,67.0,0.064687
list,64.0,66.0,67.0,68.0,8e-06
list,64.0,66.0,67.0,69.0,0.0005
list,66.0,67.0,69.0,70.0,-1.020651
list,68.0,67.0,69.0,70.0,0.036641
list,67.0,69.0,70.0,71.0,0.074201
list,67.0,69.0,70.0,72.0,-0.565084
list,69.0,70.0,72.0,73.0,0.008184
list,71.0,70.0,72.0,73.0,0.040487
list,70.0,72.0,73.0,74.0,0.007147
list,70.0,72.0,73.0,75.0,-1.315537
list,72.0,73.0,75.0,76.0,-1.205909
list,74.0,73.0,75.0,76.0,0.07201
list,73.0,75.0,76.0,77.0,0.03895
list,73.0,75.0,76.0,78.0,-1.656916
list,75.0,76.0,78.0,79.0,-1.291956
list,77.0,76.0,78.0,79.0,0.092397
list,76.0,78.0,79.0,80.0,0.08366
list,76.0,78.0,79.0,81.0,-1.670606
list,78.0,79.0,81.0,82.0,-1.433161
list,80.0,79.0,81.0,82.0,0.016103
list,79.0,81.0,82.0,83.0,0.006716
list,79.0,81.0,82.0,84.0,-1.310253
list,81.0,82.0,84.0,85.0,-1.667181
list,83.0,82.0,84.0,85.0,0.044905
list,82.0,84.0,85.0,86.0,0.042238
list,82.0,84.0,85.0,87.0,-0.716072
list,84.0,85.0,87.0,88.0,0.049819
list,86.0,85.0,87.0,88.0,0.001261
list,85.0,87.0,88.0,89.0,0.001196
list,85.0,87.0,88.0,90.0,-1.187559
list,87.0,88.0,90.0,91.0,-1.240368
list,89.0,88.0,90.0,91.0,0.000143
list,88.0,90.0,91.0,92.0,0.000101
list,88.0,90.0,91.0,93.0,-0.817879
list,90.0,91.0,93.0,94.0,-1.672997
list,92.0,91.0,93.0,94.0,0.091406
list,91.0,93.0,94.0,95.0,0.016411
list,91.0,93.0,94.0,96.0,-1.487971
list,93.0,94.0,96.0,97.0,-1.668273
list,95.0,94.0,96.0,97.0,0.03884
list,94.0,96.0,97.0,98.0,0.083493
list,94.0,96.0,97.0,99.0,-1.456356
list,96.0,97.0,99.0,100.0,-0.972053
list,98.0,97.0,99.0,100.0,0.012895
list,97.0,99.0,100.0,101.0,0.013195
list,97.0,99.0,100.0,102.0,-0.287108
list,99.0,100.0,102.0,103.0,-0.698329
list,101.0,100.0,102.0,103.0,0.009135
list,100.0,102.0,103.0,104.0,0.020807
list,100.0,102.0,103.0,105.0,-1.66446
list,102.0,103.0,105.0,106.0,-1.438888
list,104.0,103.0,105.0,106.0,0.022603
list,103.0,105.0,106.0,107.0,0.001438
list,103.0,105.0,106.0,108.0,0.1466
list,105.0,106.0,108.0,109.0,-0.87573
list,107.0,106.0,108.0,109.0,0.097679
list,106.0,108.0,109.0,110.0,3e-05
list,112.0,111.0,113.0,114.0,0.395161
list,111.0,113.0,114.0,115.0,0.136518
list,111.0,113.0,114.0,116.0,-1.518885
list,113.0,114.0,116.0,117.0,-1.645473
list,115.0,114.0,116.0,117.0,0.232058
list,114.0,116.0,117.0,118.0,0.278239
list,114.0,116.0,117.0,119.0,-1.348082
list,116.0,117.0,119.0,120.0,-0.041576
list,118.0,117.0,119.0,120.0,0.024788
list,117.0,119.0,120.0,121.0,0.008421
list,117.0,119.0,120.0,122.0,-1.063984
list,119.0,120.0,122.0,123.0,-0.332708
list,121.0,120.0,122.0,123.0,6e-06
list,120.0,122.0,123.0,124.0,0.00557
list,120.0,122.0,123.0,125.0,0.677072
list,122.0,123.0,125.0,126.0,0.156527
list,124.0,123.0,125.0,126.0,0.449217
list,123.0,125.0,126.0,127.0,0.325293
list,123.0,125.0,126.0,128.0,-0.223197
list,125.0,126.0,128.0,129.0,-0.247225
list,127.0,126.0,128.0,129.0,0.001619
list,126.0,128.0,129.0,130.0,0.014649
list,126.0,128.0,129.0,131.0,-1.579704
list,128.0,129.0,131.0,132.0,-1.516472
list,130.0,129.0,131.0,132.0,0.000385
list,129.0,131.0,132.0,133.0,0.002601
list,129.0,131.0,132.0,134.0,-0.726909
list,131.0,132.0,134.0,135.0,-1.652925
list,133.0,132.0,134.0,135.0,0.012709
list,132.0,134.0,135.0,136.0,0.064278
list,132.0,134.0,135.0,137.0,-1.607977
list,134.0,135.0,137.0,138.0,-0.095915
list,136.0,135.0,137.0,138.0,0.000614
list,135.0,137.0,138.0,139.0,0.017874
list,135.0,137.0,138.0,140.0,0.357814
list,137.0,138.0,140.0,141.0,-1.11945
list,139.0,138.0,140.0,141.0,0.452306
list,138.0,140.0,141.0,142.0,0.225215
list,138.0,140.0,141.0,143.0,-0.011144
list,140.0,141.0,143.0,144.0,-1.320859
list,142.0,141.0,143.0,144.0,0.071862
list,141.0,143.0,144.0,145.0,0.064274
list,141.0,143.0,144.0,146.0,-1.366382
list,143.0,144.0,146.0,147.0,-0.001264
list,145.0,144.0,146.0,147.0,0.02099
list,144.0,146.0,147.0,148.0,0.001401
list,144.0,146.0,147.0,149.0,-1.660907
list,146.0,147.0,149.0,150.0,-1.215838
list,148.0,147.0,149.0,150.0,0.033019
list,147.0,149.0,150.0,151.0,0.000758
list,147.0,149.0,150.0,152.0,0.053411
list,149.0,150.0,152.0,153.0,-1.57357
list,151.0,150.0,152.0,153.0,0.123729
list,150.0,152.0,153.0,154.0,0.27533
list,150.0,152.0,153.0,155.0,-1.461525
list,152.0,153.0,155.0,156.0,-1.55233
list,154.0,153.0,155.0,156.0,0.289408
list,153.0,155.0,156.0,157.0,0.075739
list/ca,1.0,2.0,3.0,4.0,0.001002
list/ca,2.0,3.0,4.0,5.0,0.08436
list/ca,3.0,4.0,5.0,6.0,0.183991
list/ca,4.0,5.0,6.0,7.0,0.000485
list/ca,5.0,6.0,7.0,8.0,0.155747
list/ca,6.0,7.0,8.0,9.0,0.069858
list/ca,7.0,8.0,9.0,10.0,0.190573
list/ca,8.0,9.0,10.0,11.0,0.019003
list/ca,9.0,10.0,11.0,12.0,0.008876
list/ca,10.0,11.0,12.0,13.0,0.049307
list/ca,11.0,12.0,13.0,14.0,0.001148
list/ca,12.0,13.0,14.0,15.0,0.007621
list/ca,13.0,14.0,15.0,16.0,0.000662
list/ca,14.0,15.0,16.0,17.0,0.003832
list/ca,15.0,16.0,17.0,18.0,0.044598
list/ca,16.0,17.0,18.0,19.0,0.002639
list/ca,17.0,18.0,19.0,20.0,0.427571
list/ca,18.0,19.0,20.0,21.0,1.267099
list/ca,19.0,20.0,21.0,22.0,0.632999
list/ca,20.0,21.0,22.0,23.0,0.110754
list/ca,21.0,22.0,23.0,24.0,0.002184
list/ca,22.0,23.0,24.0,25.0,0.452718
list/ca,23.0,24.0,25.0,26.0,0.001517
list/ca,24.0,25.0,26.0,27.0,1.081543
list/ca,25.0,26.0,27.0,28.0,0.032843
list/ca,26.0,27.0,28.0,29.0,1.119252
list/ca,27.0,28.0,29.0,30.0,0.03323
list/ca,28.0,29.0,30.0,31.0,1e-06
list/ca,29.0,30.0,31.0,32.0,0.003247
list/ca,30.0,31.0,32.0,33.0,0.163624
list/ca,31.0,32.0,33.0,34.0,0.034134
list/ca,32.0,33.0,34.0,35.0,0.0272
list/ca,33.0,34.0,35.0,36.0,0.006276
list/ca,34.0,35.0,36.0,37.0,0.01045
list/ca,35.0,36.0,37.0,38.0,0.267326
list/ca,36.0,37.0,38.0,39.0,0.104183
list/ca,37.0,38.0,39.0,40.0,0.26481
list/ca,38.0,39.0,40.0,41.0,0.009216
list/ca,39.0,40.0,41.0,42.0,0.020206
list/ca,40.0,41.0,42.0,43.0,0.129016
list/ca,41.0,42.0,43.0,44.0,0.050713
list/ca,42.0,43.0,44.0,45.0,0.00974
list/ca,43.0,44.0,45.0,46.0,0.015101
list/ca,44.0,45.0,46.0,47.0,0.034945
list/ca,45.0,46.0,47.0,48.0,0.000233
list/ca,46.0,47.0,48.0,49.0,0.129935
list/ca,47.0,48.0,49.0,50.0,0.013172
list/ca,48.0,49.0,50.0,51.0,0.119812
list/ca,49.0,50.0,51.0,52.0,0.662206
list/ca,50.0,51.0,52.0,53.0,1.214741
list/ca,51.0,52.0,53.0,54.0,0.984164
list/ca,52.0,53.0,54.0,55.0,0.053444
list/ca,53.0,54.0,55.0,56.0,0.018179
list/ca,54.0,55.0,56.0,57.0,0.078467
list/ca,55.0,56.0,57.0,58.0,0.122431
list/ca,56.0,57.0,58.0,59.0,0.008179
list/ca,57.0,58.0,59.0,60.0,0.116872
list/ca,58.0,59.0,60.0,61.0,0.535848
list/ca,59.0,60.0,61.0,62.0,0.301228
list/ca,60.0,61.0,62.0,63.0,0.130759
